자치구 기준일,종로구,종로구 추가,중구,중구 추가,용산구,용산구 추가,성동구,성동구 추가,광진구,광진구 추가,동대문구,동대문구 추가,중랑구,중랑구 추가,성북구,성북구 추가,강북구,강북구 추가,도봉구,도봉구 추가,노원구,노원구 추가,은평구,은평구 추가,서대문구,서대문구 추가,마포구,마포구 추가,양천구,양천구 추가,강서구,강서구 추가,구로구,구로구 추가,금천구,금천구 추가,영등포구,영등포구 추가,동작구,동작구 추가,관악구,관악구 추가,서초구,서추구 추가,강남구,강남구 추가,송파구,송파구 추가,강동구,강동구 추가,기타,기타 추가
20220430,46744,74,42410,66,70764,117,102422,180,122621,211,121055,204,131277,245,149692,271,96644,178,106019,167,176248,289,155214,242,103472,192,127385,252,151260,276,194835,475,142782,238,81845,130,142050,228,137024,260,171215,273,135531,319,175255,378,225965,424,159151,311,212701,455
20220429,46670,101,42344,121,70647,175,102242,215,122410,251,120851,224,131032,276,149421,320,96466,231,105852,211,175959,367,154972,383,103280,219,127133,299,150984,349,194360,373,142544,273,81715,201,141822,261,136764,255,170942,407,135212,299,174877,472,225541,484,158840,412,212246,547
20220428,46569,99,42223,119,70472,153,102027,233,122159,301,120627,290,130756,326,149101,412,96235,239,105641,236,175593,474,154589,396,103061,248,126834,351,150635,401,193987,467,142271,347,81514,189,141561,391,136509,373,170535,458,134913,401,174405,486,225057,596,158428,465,211700,658
20220427,46471,143,42103,115,70319,249,101795,268,121858,377,120337,319,130430,402,148690,483,95996,282,105405,315,175120,561,154196,622,102813,303,126485,417,150234,487,193520,621,141927,476,81325,244,141170,488,136136,389,170077,573,134512,557,173919,666,224461,761,157963,493,211044,906
20220426,46328,178,41988,175,70070,314,101527,429,121481,450,120018,468,130028,530,148207,571,95714,330,105090,398,174559,790,153574,488,102510,395,126068,586,149747,501,192899,735,141451,558,81081,329,140682,559,135747,530,169504,668,133955,495,173253,641,223700,893,157470,665,210138,884
20220425,46150,55,41813,39,69757,83,101099,110,121031,157,119550,168,129499,149,147636,188,95384,108,104692,138,173769,247,153086,316,102115,136,125482,178,149247,236,192164,322,140893,141,80752,75,140125,161,135217,155,168836,222,133460,239,172613,314,222808,286,156805,250,209255,290
20220424,46095,107,41774,124,69674,232,100989,286,120874,340,119382,301,129350,358,147448,448,95276,272,104554,278,173522,549,152770,432,101979,303,125304,384,149011,500,191842,564,140752,517,80677,227,139964,411,135062,385,168614,560,133221,493,172299,559,222522,706,156555,538,208965,503
20220423,45988,137,41650,159,69442,275,100703,371,120534,437,119081,361,128992,427,147000,468,95004,272,104276,322,172973,581,152338,596,101676,378,124920,499,148511,586,191278,735,140235,529,80450,250,139553,476,134677,508,168054,583,132728,480,171740,639,221816,804,156017,532,208462,947
20220422,45851,170,41492,166,69167,278,100332,353,120097,453,118721,445,128565,456,146532,542,94732,343,103954,415,172392,708,151742,499,101298,411,124421,579,147926,590,190544,790,139706,533,80200,269,139078,505,134169,517,167471,647,132248,535,171101,660,221012,801,155485,587,207515,939
20220421,45677,183,41322,159,68872,315,99971,436,119638,542,118268,462,128104,543,145987,630,94382,368,103536,420,171680,739,151231,636,100878,481,123808,638,147309,711,189706,913,139122,581,79906,350,139208,603,133594,602,166778,822,131698,603,170432,767,220203,915,154894,669,206379,1104
20220420,45494,245,41163,182,68557,375,99535,511,119096,576,117808,549,127561,667,145357,817,94014,381,103116,524,170942,808,150598,932,100398,580,123170,694,146598,831,188793,1021,138541,825,79556,442,138605,805,132992,779,165956,924,131095,755,169665,902,219288,1142,154226,781,205275,1274
20220419,45249,245,40982,265,68182,455,99024,664,118521,722,117259,663,126898,761,144540,928,93634,661,102592,714,170134,1304,149666,813,99818,615,122477,889,145767,897,187774,1292,137717,851,79114,578,137806,887,132213,836,165032,1073,130340,773,168763,1090,218149,1476,153445,1086,204001,1281
20220418,45004,76,40717,43,67727,126,98360,153,117799,219,116596,246,126138,231,143612,252,92973,128,101878,225,168830,389,148853,450,99203,220,121588,302,144870,360,186484,532,136866,223,78536,121,136920,271,131377,284,163959,330,129567,489,167673,400,216673,559,152359,333,202720,383
20220417,44928,166,40674,137,67601,318,98207,390,117580,540,116350,481,125907,532,143360,620,92845,360,101653,458,168441,789,148403,768,98983,534,121286,554,144510,740,185952,875,136643,581,78415,334,136649,556,131093,602,163629,752,129078,548,167273,740,216114,924,152026,729,202337,777
20220416,44762,210,40537,170,67283,329,97817,515,117040,644,115869,637,125375,623,142740,668,92485,473,101195,503,167652,970,147635,918,98449,519,120732,684,143770,866,185077,1231,136062,773,78081,397,136093,716,130491,684,162877,854,128530,706,166533,956,215190,1069,151297,864,201560,1139
20220415,44552,261,40367,228,66954,429,97302,609,116396,674,115232,689,124752,767,142073,872,92013,567,100692,700,166683,1072,146718,884,97930,618,120048,762,142904,1050,183847,1198,135288,838,77684,504,135378,917,129807,911,162024,1044,127824,828,165577,1108,214120,1288,150433,1178,200422,1454
20220414,44292,296,40139,253,66525,503,96693,791,115722,875,114543,795,123986,883,141202,1075,91446,702,99992,705,165611,1251,145834,1255,97312,732,119286,944,141854,1197,182650,1457,134450,1048,77180,539,134461,1118,128896,1002,160980,1220,126996,989,164469,1193,212832,1588,149255,902,198968,1663
20220413,43996,387,39886,327,66022,616,95902,868,114847,1272,113748,1009,123103,1120,140128,1407,90745,824,99287,980,164361,1523,144579,1795,96580,872,118342,1257,140657,1596,181193,1979,133403,1389,76641,778,133343,1357,127894,1320,159760,1638,126007,1353,163276,1603,211245,2085,148353,1436,197305,2285
20220412,43608,529,39558,486,65406,826,95035,1226,113575,1144,112739,1395,121983,1549,138722,1720,89922,1164,98306,1273,162839,2146,142784,1276,95708,1130,117087,1452,139061,1663,179215,2561,132014,1701,75863,993,131986,1774,126574,1606,158122,1992,124654,1358,161672,1993,209160,2471,146917,1828,195022,2262
20220411,43079,156,39072,128,64581,202,93810,323,112431,530,111344,486,120439,399,137003,489,88759,305,97033,386,160693,749,141509,983,94578,462,115635,506,137399,747,176656,954,130314,484,74870,265,130214,521,124970,617,156130,625,123296,738,159679,800,206691,856,145090,801,192762,735
20220410,42923,358,38944,302,64379,562,93487,700,111901,960,110858,933,120040,1026,136514,1267,88454,846,96647,914,159944,1368,140526,1343,94116,920,115129,1130,136652,1469,175702,1981,129830,1202,74605,634,129693,1186,124353,1181,155505,1502,122558,1191,158879,1381,205835,1906,144289,1217,192027,1422
20220409,42565,423,38642,335,63817,613,92787,847,110941,994,109925,1047,119014,1205,135247,1332,87608,908,95733,998,158576,1793,139183,1463,93196,1018,113999,1215,135183,1478,173721,1797,128628,1470,73971,773,128507,1294,123172,1270,154003,1634,121367,1238,157498,1468,203929,1959,143072,1634,190605,2114
20220408,42142,389,38308,376,63204,742,91940,946,109947,1351,108878,1145,117811,1233,133915,1508,86700,1058,94736,1187,156783,1858,137720,1635,92178,1098,112784,1329,133705,1612,171924,2071,127159,1535,73198,785,127213,1474,121902,1462,152369,1809,120129,1591,156032,1755,201971,2440,141438,1436,188491,2387
20220407,41753,510,37932,479,62462,749,90994,1091,108596,1381,107734,1343,116578,1411,132408,1793,85642,1037,93549,1074,154925,2001,136085,1861,91080,1209,111456,1431,132093,1857,169858,2261,125624,1793,72413,895,125739,1818,120440,1569,150560,2112,118538,1427,154278,1967,199533,2457,140002,1736,186104,2626
20220406,41243,642,37453,622,61713,1044,89903,1241,107215,1882,106391,1750,115167,1822,130616,2177,84605,1430,92475,1572,152926,2505,134225,2662,89871,1617,110027,1828,130236,2377,167602,3082,123831,2237,71518,1364,123923,2317,118873,2107,148448,2503,117111,2070,152311,2619,197076,3127,138266,2406,183478,3427
20220405,40601,582,36831,645,60669,1188,88662,1593,105334,1470,104639,1870,113345,1874,128439,2349,83175,1837,90903,1576,150423,2945,131564,1756,88253,1571,108200,1923,127861,2047,164521,3255,121594,2179,70154,1396,121606,2055,116767,1820,145945,2584,115041,1861,149693,2508,193950,3441,135860,2519,180054,2656
20220404,40019,233,36186,170,59481,322,87069,465,103865,1248,102770,654,111473,679,126090,754,81338,467,89327,670,147480,1084,129808,1416,86682,611,106277,689,125814,991,161268,1221,119415,709,68758,339,119551,804,114947,820,143361,1229,113180,1114,147185,1119,190509,1315,133385,751,177398,1020
20220403,39786,525,36016,502,59159,813,86604,1193,102617,1258,102116,1326,110794,1532,125336,1943,80871,1254,88657,1376,146396,2232,128392,1854,86071,1190,105588,1480,124823,1982,160047,2714,118706,1994,68419,1004,118747,1937,114127,1739,142132,2057,112066,1206,146066,2075,189194,2788,132634,1952,176378,2183
20220402,39261,593,35514,553,58346,946,85411,1373,101359,1430,100790,1592,109262,1910,123393,1973,79617,1433,87281,1522,144164,2695,126538,2402,84881,1465,104108,1691,122841,2109,157333,2725,116712,2010,67415,1108,116810,1884,112388,1968,140075,2340,110860,1771,143991,2468,186406,3038,130682,2613,174195,3061
20220401,38668,676,34962,583,57400,882,84038,1389,99930,1753,99200,1762,107352,1817,121421,2195,78184,1478,85759,1503,141469,2813,124138,2180,83417,1634,102417,1896,120732,2459,154612,2974,114702,2332,66307,1222,114927,2038,110420,1938,137735,2577,109089,2105,141523,2619,183368,3076,128069,2451,171134,3365
20220331,37992,731,34378,625,56518,1142,82653,1635,98177,2169,97440,2007,105535,2247,119228,2366,76706,1588,84260,2006,138660,3299,121960,2810,81785,1851,100529,2075,118275,2504,151638,3279,112370,2397,65085,1398,112890,2597,108483,2245,135159,2854,106984,2616,138907,2707,180293,3528,125618,3692,167771,3763
20220330,37261,1045,33753,919,55376,1504,81018,1990,96008,2534,95433,2442,103288,3033,116862,3253,75118,2184,82254,2577,135361,4484,119150,4034,79934,2229,98454,2932,115771,3873,148359,4786,109973,3812,63687,1847,110293,4122,106238,3283,132305,4679,104368,3839,136200,3872,176765,4479,121926,3084,164008,4988
20220329,36216,940,32835,957,53872,1481,79030,2233,93474,2444,92993,2718,100255,2837,113609,3028,72934,2180,79677,1799,130878,3579,115116,2557,77705,2281,95523,2498,111900,2611,143573,3941,106162,2595,61840,1894,106171,2072,102955,2290,127626,2821,100529,1660,132333,3524,172292,4913,118842,2996,159020,3230
20220328,35276,397,31878,301,52391,739,76802,694,91030,1154,90277,975,97419,1060,110583,1083,70754,751,77878,1336,127299,2179,112560,1940,75425,1294,93028,1022,109290,1708,139633,1725,103573,963,59946,553,104109,1193,100665,1239,124805,1431,98869,1996,128813,2517,167386,2013,115846,2297,155792,1630
20220327,34879,818,31577,674,51652,932,76108,1930,89876,2106,89302,1957,96359,2669,109500,3063,70003,1674,76542,1423,125120,3806,110620,2366,74131,1487,92006,2135,107582,2591,137908,3623,102610,2672,59393,1468,102916,2567,99426,2437,123374,2961,96873,1749,126296,2304,165373,3723,113549,2900,154162,3116
20220326,34061,854,30903,793,50720,1234,74178,1685,87770,2210,87345,2039,93690,2447,106437,2516,68329,1724,75119,1953,121314,2651,108254,3143,72644,1933,89871,2307,104991,2938,134285,3565,99938,2642,57925,1554,100349,2693,96989,2398,120413,3222,95124,2467,123992,3862,161650,4013,110649,3133,151046,4050
20220325,35766,940,32582,784,49989,1237,74512,1895,86488,2293,85386,2213,91639,2387,102491,3032,68116,1740,73167,2007,117632,3245,104591,3191,70928,2229,87350,2445,101656,3007,128701,3914,97546,2783,58920,1599,98149,2516,94437,2670,115209,3219,93238,2610,117573,3499,154279,4148,106653,3254,146997,4086
20220324,32267,984,29329,948,48249,1618,70598,2124,83280,3131,83093,2457,88856,2999,100893,3837,64872,2237,71160,2342,115419,3852,101922,3178,68483,2105,85121,2689,99046,3787,126806,4100,94520,3206,54772,1864,95143,3409,91921,3017,113972,3385,90047,3566,116637,3715,153497,4722,104266,3684,142911,4814
20220323,31283,1411,28381,1190,46631,2044,68474,3044,80149,3299,80636,3138,85857,3507,97056,4593,62635,2573,68818,2995,111567,5554,98744,4932,66378,2642,82432,3584,95259,4069,122706,5285,91314,4366,52908,2195,91734,5140,88904,4180,110587,5185,86481,3634,112922,5562,148775,6406,100582,4810,138097,5795
20220322,29872,1021,27191,1094,44587,1536,65430,2231,76850,1734,77498,2814,82352,3058,92465,2176,60062,2263,65823,2187,106013,3155,93813,2002,63736,2268,78848,2811,91190,2863,117420,4034,86948,2689,50713,2003,86594,2284,84724,2735,105402,2912,82847,1994,107360,3261,142373,4723,95772,2091,132303,3094
20220321,28851,437,26097,278,43051,575,63199,833,75116,1819,74684,1037,79294,1250,90297,1406,57799,761,63636,1201,102860,3569,91813,2640,61469,1292,76038,1237,88329,2005,113387,2012,84260,1022,48710,560,84310,2486,81990,1341,102490,1694,80853,2064,104101,2834,137662,2335,93683,2378,129209,2012
20220320,28414,1023,25819,998,42476,1370,62366,2577,73297,2334,73647,2017,78044,2396,88891,3052,57038,1854,62435,2007,99291,4210,89173,2487,60177,1801,74801,2420,86324,2730,111375,4125,83238,2841,48150,1585,81824,1922,80649,2715,100796,3433,78789,2627,101267,2198,135327,4524,91305,3090,127197,3534
20220319,27391,1061,24821,912,41106,1740,59789,2274,70963,2655,71630,2695,75648,2930,85839,3569,55184,2027,60428,2228,95081,4846,86686,3606,58376,2177,72381,2734,83594,3689,107250,3985,80400,3356,46565,1914,79902,4661,77934,3209,97363,4678,76162,2930,99069,5317,130803,4816,88215,2955,123665,5168
20220318,26330,1172,23909,977,39366,2045,57515,2649,68308,2982,68935,3197,72718,2820,82270,3751,53157,2248,58200,2565,90235,2898,83080,3556,56199,3283,69647,2706,79905,3722,103265,6367,77044,3122,44651,1950,75241,3703,74725,3020,92685,3066,73232,2802,93752,3892,125987,5107,85260,3628,118497,4769
20220317,25158,1826,22932,1761,37321,3283,54866,3606,65326,4895,65738,4954,69898,4937,78519,6709,50909,3565,55635,4110,87337,5866,79524,5070,52916,3991,66941,4822,76183,4892,96898,7135,73922,5901,42701,3525,71538,5432,71705,5941,89619,7298,70430,4731,89860,5427,120880,6998,81632,4390,113728,7310
20220316,23332,1570,21168,1176,34034,1048,51259,2316,60428,2243,60783,2409,64960,3083,71809,2551,47343,2259,51525,2387,81471,3832,74453,4832,48925,2157,62117,2841,71274,4261,89763,3109,68012,3492,39176,2090,66103,2598,65763,3039,82317,4640,65696,3598,84427,2764,113881,7432,77240,5289,106486,4379
20220315,21762,582,19992,801,32986,1195,48943,2197,58185,2371,58374,2688,61877,3258,69259,2949,45085,2404,49138,2216,77639,5087,69621,2891,46768,3262,59276,2664,67013,2671,86654,3308,64520,2214,37086,1541,63505,2325,62724,1893,77678,3013,62098,2332,81663,2697,106449,3737,71951,2607,102108,3164
20220314,21180,859,19191,641,31791,1214,46746,1750,55814,2784,55686,1975,58619,2053,66312,2303,42681,1520,46922,1746,72552,2421,66730,2588,43506,1011,56612,2339,64342,2419,83346,3104,62309,2936,35545,1733,61180,2302,60831,2527,74665,2593,59766,1834,78966,2785,102712,4412,69344,1834,98944,3124
20220313,20321,996,18550,905,30577,1487,44996,2136,53032,1945,53712,2656,56566,2744,64009,3343,41161,2065,45178,2296,70132,2401,64145,3196,42495,1278,54273,2589,61923,2840,80242,4280,59373,2496,33812,1419,58881,2378,58304,2985,72073,3645,57932,2498,76181,3193,98302,4756,67511,3065,95821,4222
20220312,19325,981,17645,962,29090,1698,42861,2592,51087,2864,51056,2868,53822,3361,60666,3373,39096,2386,42882,2498,67731,3842,60949,3698,41217,2852,51684,2946,59084,3208,75962,4335,56877,3260,32393,1492,56504,3571,55319,3198,68428,3912,55434,3114,72988,4044,93547,4957,64447,3742,91600,4683
20220311,18344,815,16683,763,27392,977,40270,1883,48223,2037,48188,2101,50462,1929,57293,2602,36710,1426,40384,1682,63889,2522,57251,2574,38365,2132,48738,2072,55876,3155,71627,2828,53617,2177,30901,1371,52933,1977,52121,2330,64516,2808,52322,2754,68946,2810,88590,3555,60705,1954,86917,3369
20220310,17529,869,15920,801,26415,1401,38387,2030,46186,2525,46087,2238,48533,2458,54691,3116,35284,1864,38702,1911,61367,3080,54677,3050,36233,1168,46666,2346,52721,2329,68799,4426,51440,2860,29530,1648,50956,2868,49791,2838,61708,4157,49568,2322,66136,2805,85035,4374,58751,3117,83549,4258
20220309,16660,1103,15119,945,25014,1562,36357,2373,43661,2734,43849,2835,46075,3131,51576,3218,33420,2224,36791,2275,58287,3440,51627,3144,35065,2210,44320,2670,50392,2961,64373,4191,48580,3236,27882,1712,48088,3308,46953,3207,57551,3334,47246,2869,63331,3357,80661,4787,55634,3359,79291,4037
20220308,15557,405,14174,415,23452,642,33984,993,40927,1428,41014,1571,42944,1566,48360,1710,31196,1189,34516,1394,54847,2257,48483,1685,32855,1969,41650,1300,47432,1481,60182,1742,45347,1185,26170,909,44780,1205,43747,1014,54217,1482,44377,1438,59976,1959,75874,2537,52275,1587,75254,2421
20220307,15152,572,13759,437,22810,763,32991,1287,39499,1582,39443,1359,41378,1485,46650,1712,30007,973,33122,1361,52590,1548,46798,1903,30886,1112,40350,1500,45951,1836,58440,2400,44162,1598,25261,998,43575,1365,42733,1618,52735,1686,42939,1701,58017,1845,73337,2781,50688,1727,72833,2409
20220306,14580,674,13322,645,22047,1043,31704,1599,37917,1925,38084,1827,39893,2063,44938,2229,29034,1300,31761,1514,51042,1978,44895,2232,29774,1136,38850,1872,44115,2106,56040,2957,42564,2041,24263,1107,42210,2183,41115,1995,51049,2192,41238,1595,56172,2325,70556,3529,48961,2297,70424,3086
20220305,13906,671,12677,594,21004,1067,30105,1638,35992,1925,36257,1728,37830,1961,42709,2353,27734,1420,30247,1566,49065,2831,42663,2395,28638,1952,36978,1984,42009,2311,53083,3137,40523,2134,23156,1209,40027,2228,39120,2094,48857,2503,39643,1896,53847,2369,67027,3604,46664,2220,67338,3403
20220304,13235,733,12083,635,19937,1207,28467,1936,34067,2056,34529,2125,35869,2521,40356,2449,26314,1630,28681,1692,46234,3507,40268,2475,26686,2295,34994,2310,39698,2372,49946,3115,38389,2326,21947,1644,37799,2098,37026,1991,46354,2756,37747,2457,51478,2795,63423,3726,44444,2604,63935,3814
20220303,12502,440,11448,467,18730,734,26531,1352,32011,1596,32404,1257,33348,1253,37907,1848,24684,1057,26989,1378,42727,1687,37793,2415,24391,2188,32684,1498,37326,2193,46831,2948,36063,1406,20303,1527,35701,1529,35035,1557,43598,2006,35290,1883,48683,2088,59697,3024,41840,1612,60121,2732
20220302,12062,723,10981,682,17996,967,25179,1703,30415,1878,31147,1949,32095,2193,36059,1974,23627,1462,25611,1311,41040,1922,35378,1638,22203,408,31186,1909,35133,1569,43883,2235,34657,2242,18776,442,34172,1805,33478,2281,41592,2655,33407,1741,46595,2257,56673,3515,40228,2624,57389,2848
20220301,11339,302,10299,312,17029,459,23476,913,28537,1074,29198,1136,29902,1083,34085,1336,22165,781,24300,949,39118,1782,33740,1070,21795,872,29277,1033,33564,1594,41648,1219,32415,1043,18334,945,32367,1434,31197,714,38937,920,31666,885,44338,1452,53158,1687,37604,1093,54541,1797
20220228,11037,391,9987,284,16570,606,22563,813,27463,1103,28062,924,28819,1088,32749,1110,21384,723,23351,915,37336,1208,32670,1307,20923,624,28244,1165,31970,1261,40429,1669,31372,1017,17389,519,30933,904,30483,1305,38017,1168,30781,1186,42886,1494,51471,2058,36511,1181,52744,1950
20220227,10646,485,9703,370,15964,701,21750,1186,26360,1360,27138,1320,27731,1316,31639,1487,20661,963,22436,1070,36129,1420,31363,1602,20299,960,27079,1391,30709,1093,38760,2113,30355,1411,16870,655,30029,1527,29178,1346,36849,1604,29595,1339,41393,1692,49413,2744,35330,1742,50794,2454
20220226,10161,453,9333,442,15263,682,20564,1222,25000,1295,25818,1221,26415,1430,30152,1420,19698,981,21366,1307,34709,1708,29761,1644,19339,901,25688,1373,29616,2101,36647,2249,28944,1423,16215,636,28502,1706,27832,1305,35245,1774,28256,1480,39701,1753,46669,2182,33588,1637,48340,2504
20220225,9708,479,8891,414,14581,712,19342,1116,23705,1263,24597,1197,24985,1283,28732,1463,18717,1058,20059,927,33001,1964,28117,1276,18438,1118,24315,1341,27515,1538,34398,1825,27521,1314,15579,677,26796,1265,26527,1387,33471,1712,26776,1719,37948,2187,44487,2366,31951,1793,45836,2220
20220224,9229,493,8477,454,13869,705,18226,1180,22442,1300,23400,1237,23702,1411,27269,1580,17659,979,19132,959,31037,1541,26841,1766,17320,937,22974,1294,25977,1832,32573,2615,26207,1436,14902,939,25531,1298,25140,1462,31759,1739,25057,1428,35761,1991,42121,2337,30158,1814,43616,2445
20220223,8736,508,8023,470,13164,895,17046,1402,21142,1337,22163,1307,22291,1536,25689,1691,16680,1075,18173,954,29496,1823,25075,2012,16383,1185,21681,1481,24145,1710,29958,2448,24771,1369,13963,776,24233,1495,23678,1593,30020,1987,23629,1706,33771,2267,39784,3112,28344,2067,41171,3261
20220222,8228,203,7553,248,12269,268,15644,731,19805,728,20856,714,20755,769,23998,890,15605,541,17219,734,27673,995,23063,1080,15198,549,20200,755,22435,1103,27510,1691,23402,826,13187,461,22738,897,22085,605,28034,739,21923,838,31505,1495,36672,1473,26277,826,37910,1648
20220221,8025,309,7305,217,12001,458,14913,723,19077,724,20142,640,19986,698,23108,812,15064,564,16486,650,26678,1120,21983,489,14649,522,19445,771,21332,787,25819,1373,22576,743,12726,394,21841,663,21480,967,27295,662,21085,808,30010,1109,35199,1727,25451,1011,36262,1077
20220220,7716,309,7088,234,11543,408,14190,808,18353,918,19502,889,19288,962,22296,926,14500,698,15836,787,25558,1267,21494,742,14127,418,18674,943,20545,734,24446,950,21833,858,12332,678,21178,677,20513,832,26633,1272,20277,706,28902,1105,33472,1413,24441,1301,35186,1267
20220219,7407,207,6854,283,11135,400,13382,770,17435,844,18615,762,18327,833,21369,980,13799,672,15051,720,24291,1501,20751,880,13709,528,17732,884,19811,1033,23501,1601,20975,866,11654,500,20499,867,19681,961,25361,1201,19571,939,27797,1177,32059,1494,23141,1094,33914,1196
20220218,7200,350,6571,258,10735,493,12612,682,16591,862,17853,802,17494,1017,20389,1095,13127,631,14331,946,22790,1515,19871,1096,13181,711,16848,971,18778,975,21900,1428,20109,1032,11154,597,19632,1098,18720,1028,24160,1351,18632,986,26620,1207,30565,1701,22047,1247,32718,1572
20220217,6850,246,6313,221,10242,405,11930,804,15729,864,17051,738,16477,616,19294,941,12496,595,13385,613,21275,927,18775,698,12470,628,15877,713,17803,766,20472,743,19077,686,10557,403,18534,625,17692,864,22809,1104,17646,784,25413,1169,28864,1218,20800,1064,31146,1254
20220216,6604,227,6092,179,9837,340,11126,639,14865,743,16313,771,15861,787,18353,917,11901,632,12772,566,20348,946,18077,707,11843,556,15164,759,17037,814,19729,542,18391,881,10154,277,17909,676,16828,753,21705,929,16862,764,24244,1040,27646,1356,19736,1180,29892,898
20220215,6377,182,5913,136,9497,218,10487,316,14122,453,15542,445,15074,415,17436,466,11269,349,12206,415,19402,821,17370,719,11287,469,14405,384,16223,617,19187,793,17510,397,9877,330,17233,425,16075,405,20776,385,16098,440,23204,819,26290,682,18556,528,28994,844
20220214,6195,96,5777,91,9279,256,10171,336,13669,477,15097,345,14659,317,16970,458,10920,338,11791,326,18581,1153,16651,412,10818,260,14021,414,15606,491,18394,683,17113,421,9547,265,16808,383,15670,420,20391,590,15658,386,22385,632,25608,726,18028,588,28150,735
20220213,6099,184,5686,111,9023,248,9835,408,13192,448,14752,375,14342,522,16512,616,10581,307,11465,360,17428,456,16239,453,10558,198,13607,479,15115,534,17711,656,16692,483,9282,230,16425,357,15250,435,19801,595,15272,430,21753,747,24882,800,17440,664,27416,728
20220212,5915,215,5575,120,8775,240,9427,237,12744,419,14377,471,13820,488,15896,537,10274,255,11105,401,16972,544,15786,693,10360,402,13128,490,14581,484,17055,992,16209,489,9052,297,16068,402,14815,503,19206,696,14842,510,21006,917,24082,738,16776,689,26688,969
20220211,5700,162,5455,105,8535,241,9190,168,12325,438,13906,401,13332,467,15359,525,10019,341,10704,399,16428,516,15093,560,9958,348,12638,372,14097,476,16063,554,15720,401,8755,308,15666,455,14312,383,18510,951,14332,487,20089,546,23344,694,16087,643,25719,590
20220210,5538,92,5350,106,8294,217,9021,332,11886,457,13504,340,12863,287,14833,482,9673,235,10307,327,15912,703,14528,558,9610,435,12265,429,13622,482,15505,891,15319,467,8447,237,15211,446,13929,413,17555,666,13845,418,19538,841,22650,697,15444,724,25156,593
20220209,5446,143,5244,212,8077,246,8689,236,11429,382,13164,360,12576,536,14351,605,9438,238,9980,349,15209,958,13970,700,9175,261,11836,401,13140,477,14614,322,14852,443,8210,263,14765,393,13516,455,16889,289,13427,428,18697,824,21953,1048,14720,474,24563,639
20220208,5303,57,5032,15,7831,122,8453,102,11048,301,12804,225,12040,247,13746,295,9200,219,9632,218,14251,247,13270,295,8914,232,11435,252,12665,280,14293,168,14409,229,7947,108,14372,241,13061,276,16600,170,12999,221,17873,467,20905,224,14246,363,23924,336
20220207,5246,77,5017,94,7709,147,8351,53,10747,288,12579,217,11793,311,13451,289,8981,213,9415,222,14004,224,12975,272,8682,145,11183,258,12385,401,14125,316,14180,236,7839,155,14131,278,12785,340,16430,377,12778,315,17405,166,20681,695,13883,386,23588,413
20220206,5169,106,4923,97,7562,151,8298,310,10461,322,12362,281,11484,303,13162,265,8768,223,9193,257,13780,377,12703,314,8537,184,10926,208,11984,372,13809,186,13944,269,7684,159,13855,322,12445,389,16053,363,12463,397,17239,238,19986,714,13497,479,23175,535
20220205,5063,106,4826,89,7411,160,7988,227,10139,284,12081,276,11181,242,12897,386,8545,203,8936,243,13403,499,12389,385,8353,170,10718,336,11612,359,13623,305,13675,341,7525,198,13533,296,12056,480,15690,588,12066,478,17001,261,19272,773,13018,436,22640,477
20220204,4957,70,4737,110,7252,174,7761,159,9857,223,11807,184,10942,210,12511,334,8342,142,8692,214,12904,216,12004,185,8183,179,10382,236,11253,329,13318,233,13334,217,7328,186,13237,234,11576,222,15102,161,11588,405,16741,200,18588,473,12584,462,22063,402
20220203,4887,76,4627,72,7078,155,7602,149,9634,213,11623,160,10732,210,12177,260,8200,167,8478,205,12688,217,11819,145,8004,111,10146,222,10924,288,13085,149,13117,165,7142,48,13003,223,11354,256,14941,240,11183,213,16541,193,18115,423,12122,307,21661,351
20220202,4811,43,4555,62,6923,129,7453,205,9421,191,11463,98,10522,103,11917,122,8033,121,8273,148,12471,97,11674,105,7893,133,9924,198,10636,221,12936,128,12952,160,7094,135,12780,183,11098,165,14701,283,10970,170,16348,149,17692,389,11815,219,21310,252
20220201,4768,41,4493,54,6794,96,7248,108,9229,170,11365,138,10419,163,11795,238,7912,107,8125,106,12373,197,11569,124,7760,105,9726,146,10415,197,12808,195,12792,140,6959,105,12597,141,10934,170,14418,185,10800,115,16198,286,17304,282,11596,213,21059,309
20220131,4727,59,4439,35,6698,101,7140,119,9059,187,11227,131,10256,127,11557,147,7805,85,8019,90,12176,219,11445,99,7655,90,9580,170,10218,209,12613,216,12652,139,6854,75,12456,154,10764,182,14233,306,10685,186,15912,255,17022,306,11383,214,20750,292
20220130,4668,53,4404,56,6597,99,7021,122,8872,160,11096,138,10129,147,11410,167,7720,82,7929,118,11957,195,11346,197,7565,123,9410,162,10009,192,12397,211,12513,151,6779,66,12302,155,10582,193,13927,205,10499,187,15657,204,16716,286,11169,209,20458,307
20220129,4615,53,4348,64,6499,112,6898,99,8713,144,10958,124,9982,145,11243,158,7638,100,7808,120,11763,211,11149,148,7442,114,9248,183,9817,195,12186,242,12362,157,6715,63,12147,165,10388,146,13722,256,10312,220,15454,248,16429,269,10960,192,20151,271
20220128,4562,52,4284,49,6387,110,6799,124,8569,180,10834,180,9837,119,11085,168,7538,73,7688,115,11552,172,11001,132,7328,120,9065,159,9622,216,11944,108,12205,140,6652,76,11982,159,10242,194,13466,205,10092,192,15206,257,16160,289,10768,166,19880,236
20220127,4510,50,4235,39,6277,80,6675,97,8389,131,10654,108,9718,130,10917,148,7465,79,7573,84,11380,156,10869,124,7208,100,8906,155,9406,156,11836,121,12065,117,6576,68,11823,129,10048,161,13261,223,9900,172,14949,217,15871,249,10602,135,19644,200
20220126,4460,37,4196,34,6197,89,6578,88,8258,139,10546,73,9588,135,10769,164,7386,51,7489,63,11224,194,10745,117,7108,111,8751,143,9250,149,11715,58,11948,104,6508,62,11694,127,9887,145,13038,236,9728,128,14732,219,15622,176,10467,130,19446,206
20220125,4424,27,4162,33,6108,36,6490,50,8119,121,10473,25,9454,45,10605,76,7335,32,7426,23,11031,124,10628,35,6997,48,8608,45,9101,66,11658,87,11847,44,6447,15,11567,83,9742,67,12802,96,9600,85,14513,165,15446,116,10337,58,19240,122
20220124,4397,39,4129,18,6072,46,6440,51,7998,76,10448,54,9408,39,10529,51,7303,28,7413,47,10907,54,10590,50,6963,68,8563,66,9033,67,11571,68,11803,46,6432,36,11484,57,9675,71,12706,112,9515,71,14348,140,15330,111,10279,71,19101,142
20220123,4358,20,4111,22,6026,50,6389,60,7922,86,10394,59,9369,45,10478,56,7275,32,7366,40,10853,74,10540,69,6895,58,8497,59,8966,64,11503,82,11757,72,6396,34,11427,51,9604,59,12594,106,9444,80,14208,129,15219,97,10208,64,18959,126
20220122,4338,25,4093,39,5976,44,6330,39,7836,72,10335,67,9324,44,10422,45,7243,21,7326,27,10779,85,10471,66,6838,53,8438,62,8902,65,11421,73,11685,42,6362,29,11376,62,9545,60,12488,103,9363,71,14079,117,15122,96,10144,59,18829,125
20220121,4313,17,4054,23,5932,36,6291,49,7764,65,10268,57,9280,38,10377,68,7222,20,7299,27,10694,80,10405,44,6785,41,8376,55,8837,61,11348,85,11643,64,6333,43,11315,59,9485,48,12385,92,9292,84,13962,109,15026,81,10085,48,18704,158
20220120,4296,19,4030,24,5896,34,6242,42,7699,38,10211,48,9242,46,10309,55,7201,28,7274,42,10614,76,10361,46,6759,41,8321,56,8776,57,11263,45,11579,57,6290,32,11256,46,9437,51,12293,84,9208,48,13853,99,14945,92,10037,40,18533,116
20220119,4277,17,4006,25,5862,43,6200,28,7661,46,10163,47,9196,32,10255,46,7173,25,7232,30,10539,51,10315,42,6717,38,8266,41,8719,39,11218,43,11522,47,6258,27,11210,66,9386,46,12209,71,9160,47,13754,95,14853,79,9997,37,18417,123
20220118,4260,10,3990,10,5819,25,6172,16,7628,39,10116,14,9164,14,10209,31,7148,11,7203,18,10489,43,10273,24,6702,25,8224,22,8680,28,11176,36,11475,32,6231,19,11144,24,9340,32,12139,48,9113,37,13659,60,14774,48,9960,22,18249,75
20220117,4250,13,3980,17,5794,32,6156,14,7589,22,10102,26,9150,17,10178,32,7137,26,7185,21,10446,27,10249,20,6677,29,8202,31,8652,37,11140,47,11443,27,6212,25,11120,27,9308,20,12091,34,9076,42,13599,56,14726,47,9938,22,18174,79
20220116,4237,6,3963,14,5762,32,6142,26,7567,33,10076,30,9133,32,10146,50,7111,14,7164,22,10419,43,10229,22,6649,49,8171,38,8615,34,11093,60,11416,39,6187,28,11093,32,9288,29,12057,60,9034,32,13543,55,14679,73,9916,16,18094,56
20220115,4232,17,3950,21,5730,34,6116,30,7535,35,10046,40,9101,38,10096,26,7097,19,7142,23,10376,36,10207,25,6600,47,8133,45,8581,31,11033,40,11377,29,6159,21,11061,30,9259,26,11997,54,9002,37,13488,61,14606,53,9900,21,18038,73
20220114,4215,9,3929,23,5696,30,6086,27,7500,39,10006,44,9063,34,10070,36,7078,32,7119,32,10340,35,10182,29,6554,21,8088,36,8550,30,10993,31,11348,32,6138,21,11031,36,9233,28,11943,47,8965,62,13427,53,14553,52,9879,37,17964,83
20220113,4206,18,3909,18,5666,29,6059,33,7461,35,9962,35,9029,35,10033,36,7046,20,7087,21,10305,36,10153,30,6534,27,8053,32,8520,30,10962,30,11316,58,6117,13,10995,40,9205,34,11896,64,8902,43,13374,83,14501,66,9842,38,17881,74
20220112,4188,12,3897,21,5638,41,6027,19,7474,45,9928,45,8996,33,9996,41,7027,16,7098,25,10265,27,10124,39,6507,41,8021,53,8490,26,10932,45,11258,51,6105,18,10955,39,9171,34,11832,70,8859,61,13293,100,14435,72,9805,46,17718,73
20220111,4179,21,3890,10,5592,22,6008,10,7429,25,9883,35,8963,30,9955,32,7011,21,7073,20,10238,35,10086,24,6424,15,7968,27,8464,33,10887,32,11207,41,6086,13,10915,20,9137,21,11762,32,8797,44,13193,72,14363,41,9759,18,17677,61
20220110,4158,15,3880,22,5570,24,5998,21,7404,29,9848,43,8933,27,9923,40,6990,17,7053,20,10203,28,10062,28,6409,10,7941,26,8431,25,10855,33,11166,46,6073,21,10895,13,9116,24,11730,36,8753,33,13121,48,14322,55,9741,32,17617,65
20220109,4144,20,3863,17,5547,32,5977,17,7375,33,9805,46,8906,33,9883,27,6973,27,7034,24,10175,47,10033,37,6401,29,7915,40,8406,36,10822,29,11121,52,6052,24,10882,33,9092,26,11694,41,8720,40,13072,49,14267,68,9709,48,17547,91
20220108,4124,28,3846,16,5515,24,5960,30,7342,41,9759,39,8873,41,9856,41,6946,21,7010,42,10128,51,9996,26,6372,30,7875,38,8370,29,10793,52,11069,46,6028,25,10849,26,9066,34,11653,52,8680,41,13023,68,14199,49,9661,43,17456,61
20220107,4096,24,3830,23,5491,36,5930,30,7301,34,9720,36,8832,36,9815,39,6925,18,6968,31,10077,44,9970,38,6342,21,7837,37,8341,43,10741,28,11023,51,6003,20,10824,47,9032,44,11601,42,8639,49,12955,74,14150,61,9618,40,17396,92
20220106,4072,16,3807,23,5455,28,5900,33,7267,51,9684,54,8796,57,9776,39,6907,30,6937,32,10033,60,9932,43,6321,35,7800,31,8298,51,10713,48,10972,61,5983,30,10777,58,8988,32,11559,57,8590,47,12881,76,14089,76,9578,57,17304,83
20220105,4056,21,3784,20,5427,39,5867,38,7216,52,9630,66,8740,71,9737,62,6877,33,6905,44,9973,47,9889,63,6286,36,7769,45,8247,82,10665,47,10910,73,5953,36,10719,46,8956,37,11502,49,8543,54,12806,100,14012,79,9521,58,17223,114
20220104,4035,13,3764,17,5388,23,5829,20,7164,28,9564,32,8669,46,9675,48,6844,37,6861,29,9926,47,9826,29,6250,28,7724,34,8165,37,10618,39,10837,38,5917,24,10673,28,8919,35,11453,47,8489,32,12706,57,13933,60,9463,49,17109,61
20220103,4022,12,3747,21,5365,20,5809,34,7136,27,9532,38,8624,42,9627,36,6807,23,6832,33,9879,59,9797,32,6222,37,7690,36,8128,46,10579,32,10799,30,5893,25,10645,35,8884,20,11406,35,8457,41,12649,64,13873,61,9414,45,17051,109
20220102,4010,17,3726,26,5346,35,5775,27,7109,33,9494,36,8582,48,9592,48,6784,45,6799,36,9820,64,9765,53,6185,24,7654,45,8082,48,10547,41,10769,70,5868,33,10610,51,8864,35,11371,58,8416,46,12585,57,13812,82,9369,58,16945,67
20220101,3993,20,3700,29,5311,37,5748,41,7076,34,9459,74,8534,58,9544,56,6739,44,6763,45,9756,88,9712,49,6161,51,7609,39,8034,69,10506,70,10699,79,5835,40,10559,52,8829,38,11313,48,8370,59,12528,76,13730,96,9311,82,16879,90
